{
  "main": {
    "id": "12ecce3288f83155",
    "type": "split",
    "children": [
      {
        "id": "191d1dd125d11a89",
        "type": "tabs",
        "children": [
          {
            "id": "1ded75497a214c70",
            "type": "leaf",
            "state": {
              "type": "markdown",
              "state": {
                "file": "5. Cracking WPA Handshakes with Aircrack-ng.md",
                "mode": "source",
                "source": false
              },
              "icon": "lucide-file",
              "title": "5. Cracking WPA Handshakes with Aircrack-ng"
            }
          }
        ]
      }
    ],
    "direction": "vertical"
  },
  "left": {
    "id": "9fabc5152ea927d7",
    "type": "split",
    "children": [
      {
        "id": "c3cbf2d4b96a89ff",
        "type": "tabs",
        "children": [
          {
            "id": "eb4175b7800f679d",
            "type": "leaf",
            "state": {
              "type": "file-explorer",
              "state": {
                "sortOrder": "alphabetical",
                "autoReveal": false
              },
              "icon": "lucide-folder-closed",
              "title": "Files"
            }
          },
          {
            "id": "8769c071a73c239d",
            "type": "leaf",
            "state": {
              "type": "search",
              "state": {
                "query": "",
                "matchingCase": false,
                "explainSearch": false,
                "collapseAll": false,
                "extraContext": false,
                "sortOrder": "alphabetical"
              },
              "icon": "lucide-search",
              "title": "Search"
            }
          },
          {
            "id": "13ee510cbd121c8a",
            "type": "leaf",
            "state": {
              "type": "bookmarks",
              "state": {},
              "icon": "lucide-bookmark",
              "title": "Bookmarks"
            }
          }
        ]
      }
    ],
    "direction": "horizontal",
    "width": 300
  },
  "right": {
    "id": "4b50b06007143510",
    "type": "split",
    "children": [
      {
        "id": "4ac4b18f09e8811f",
        "type": "tabs",
        "children": [
          {
            "id": "8a1383192c1ccb5b",
            "type": "leaf",
            "state": {
              "type": "backlink",
              "state": {
                "file": "0. Getting Started.md",
                "collapseAll": false,
                "extraContext": false,
                "sortOrder": "alphabetical",
                "showSearch": false,
                "searchQuery": "",
                "backlinkCollapsed": false,
                "unlinkedCollapsed": true
              },
              "icon": "links-coming-in",
              "title": "Backlinks for 0. Getting Started"
            }
          },
          {
            "id": "6a99d818158a0c3a",
            "type": "leaf",
            "state": {
              "type": "outgoing-link",
              "state": {
                "file": "0. Getting Started.md",
                "linksCollapsed": false,
                "unlinkedCollapsed": true
              },
              "icon": "links-going-out",
              "title": "Outgoing links from 0. Getting Started"
            }
          },
          {
            "id": "03dd69891f82d521",
            "type": "leaf",
            "state": {
              "type": "tag",
              "state": {
                "sortOrder": "frequency",
                "useHierarchy": true
              },
              "icon": "lucide-tags",
              "title": "Tags"
            }
          },
          {
            "id": "d5d1f2d59a64ba60",
            "type": "leaf",
            "state": {
              "type": "outline",
              "state": {
                "file": "0. Getting Started.md"
              },
              "icon": "lucide-list",
              "title": "Outline of 0. Getting Started"
            }
          }
        ]
      }
    ],
    "direction": "horizontal",
    "width": 300,
    "collapsed": true
  },
  "left-ribbon": {
    "hiddenItems": {
      "switcher:Open quick switcher": false,
      "graph:Open graph view": false,
      "canvas:Create new canvas": false,
      "daily-notes:Open today's daily note": false,
      "templates:Insert template": false,
      "command-palette:Open command palette": false
    }
  },
  "active": "1ded75497a214c70",
  "lastOpenFiles": [
    "11. WEP Key Cracking.md",
    "5. Cracking WPA Handshakes with Aircrack-ng.md",
    "9. Rogue AP with Wifiphisher.md",
    "1. Bettercap Recon.md",
    "2. Bettercap Wi-Fi Authentication Capture.md",
    "3. Packet Capture to HCCAPX Conversion and Hashcat Cracking.md",
    "4. Airsuite Tools - Recon and Pre-Shared Key Recovery.md",
    "8. Cracking NETNTLM Credentials with John the Ripper.md",
    "7. Capture Active Directory Credentials with Evil-Twin Attack.md",
    "6. Airgeddon Denial of Service Beacon Attacks.md",
    "10. WPS Exploitation.md",
    "Pasted image 20250125095554.png",
    "Pasted image 20250125095312.png",
    "Pasted image 20250125094957.png",
    "Pasted image 20250125094913.png",
    "Pasted image 20250125094819.png",
    "Pasted image 20250125094659.png",
    "Pasted image 20250125094633.png",
    "Pasted image 20250125094541.png",
    "Pasted image 20250125094334.png",
    "Pasted image 20250125094317.png",
    "0. Getting Started.md"
  ]
}